eft_id,description
EFT_00001,inv north sar trading limited
EFT_00002,inv sunrise logistics llc trf
EFT_00003,Random Company ODEMESI
EFT_00004,TO North Star Trading Limited
EFT_00005,EFT Indiaforensic Services
EFT_00006,TO ABC TRADING LIMITED ODEMESI
EFT_00007,Rndom Company CORP
EFT_00008,HAVALE DELTA EXPORT INCRPORATED
EFT_00009,havale sunrise logistics llc odemesi
EFT_00010,to acme corporation trf
EFT_00011,transfer acme corporation
EFT_00012,Random Company LLC
EFT_00013,Unknown Entity ODEMESI
EFT_00014,SWIFT XYZ Holdings
EFT_00015,swift global energy petroleum corporation
EFT_00016,TRANSFER Indiaforensic Services INV
EFT_00017,TRANSFER North Star Trading Limited
EFT_00018,Indiaforensic Services LLC
EFT_00019,EFT Indiaforensic Services TRF
EFT_00020,Acme Cororation LLC
EFT_00021,payment random company
EFT_00022,Global Energy Petroleum Corporation
EFT_00023,transfer north star trading limited
EFT_00024,acme corporation
EFT_00025,EFT Indiaforensic Services
EFT_00026,Logistics LLC
EFT_00027,SWIFT ACME
EFT_00028,havale global petroleum corporation
EFT_00029,transfer trading limited corp
EFT_00030,North Sta Trading Limited CORP
EFT_00031,yildizi lojistik as odemesi
EFT_00032,global energy petroleum corporation odemesi
EFT_00033,TRANSER Delta Export Incorporated
EFT_00034,swift abc trading limited odemesi
EFT_00035,SWIFT Sunrise Loistics LLC TRF
EFT_00036,delta export incorprated ltd
EFT_00037,HAVALE Unknown Entity
EFT_00038,TO Delta Export Incorporated
EFT_00039,PAYMENT LOCAL STORE TRF
EFT_00040,Random ODEMESI
EFT_00041,acme corporation
EFT_00042,Kuzey Yildizi Lojistik AS
EFT_00043,global energy petroleum corpoation
EFT_00044,Random Company LTD
EFT_00045,INV Acme Corporation INV
EFT_00046,Acme Corporation CORP
EFT_00047,PAYMENT Global Energy Petroleum Corporation INV
EFT_00048,Kuzey Yildizi Lojistik AS ODEMESI
EFT_00049,HAVALE North Star Trading Limited TRF
EFT_00050,HAVALE Sunrise Logistics LLC
EFT_00051,PAYMENT ACME CORPORATION ODEMESI
EFT_00052,xyz holdingsinv
EFT_00053,INV Kuzey Yildizi Lojistik S
EFT_00054,radom company
EFT_00055,North Sar Trading Limited
EFT_00056,North Star Trading Limited ODEMESI
EFT_00057,delta incorporated ltd
EFT_00058,ABC TRADING LIMITED
EFT_00059,XYZ Holdigs LLC
EFT_00060,to sunrise logistics llc corp
EFT_00061,EFT ABC TRADING LIMITED LLC
EFT_00062,swift kuzey yildizi lojistik as
EFT_00063,GLOBAL ENERGY PETROLEUM CORPORATION LLC
EFT_00064,TO Kuzy Yildizi Lojistik AS
EFT_00065,Local StoreCORP
EFT_00066,North Star Trading Limited
EFT_00067,TO Global Energy Petroleum LLC
EFT_00068,INV Delta Export Incorporated CORP
EFT_00069,abc trading limited llc
EFT_00070,TRF Kuzey Yildizi Lojistik AS TRF
EFT_00071,TRF Local A.S.
EFT_00072,ACME CORPORATION
EFT_00073,delta incorporated llc
EFT_00074,trf indiaforensic services
EFT_00075,TRF ABC TRADIG LIMITED LTD
EFT_00076,Acme Corporation ODEMESI
EFT_00077,havle nobody
EFT_00078,transfer delta export incorporated
EFT_00079,SWIFT XYZ Holdings
EFT_00080,INV DELTA EXPORT INCORPORATED
EFT_00081,INV ABC Trading Limited
EFT_00082,EFT Idiaforensic ODEMESI
EFT_00083,TO ACME CORPRATION
EFT_00084,havale kuzey yildizi lojistik as odemesi
EFT_00085,EFT SUNRISE LOGISTICS LLC
EFT_00086,havale global energy petroleum corporation
EFT_00087,ABC Trading Limited
EFT_00088,xyz holdings trf
EFT_00089,unknown entity odemesi
EFT_00090,HAVALE Unknown Entity
EFT_00091,acme coporation ltd
EFT_00092,eft kuzey yildizi lojistik as
EFT_00093,north star trading limited
EFT_00094,transfer sunrise logistics llc inv
EFT_00095,SUNRSE LOGISTICS LLC
EFT_00096,TRANSFER Indiaforensic Services
EFT_00097,eft global energy petroleum corporation
EFT_00098,swift unknown entity trf
EFT_00099,Global Energy Petroleum Corporation TRF
EFT_00100,HAVALE INDIAFORNSIC SERVICES
EFT_00101,North Star Trading Limited A.S.
EFT_00102,cme Corporation A.S.
EFT_00103,Indiaforensic Services ODEMESI
EFT_00104,INV Delta Export Incorporated
EFT_00105,INV Indiaforensic ODEMESI
EFT_00106,havale energy petroleum corporation
EFT_00107,HAVALE ABC Trading Limted
EFT_00108,Sunrise Logistics LC
EFT_00109,Sunrise Logistics LLC
EFT_00110,EFT DELTA EXPORT INCRPORATED
EFT_00111,HAVALE ABC Trading Limited
EFT_00112,Sunrise Logistics LLC ODEMESI
EFT_00113,TRF Sunrise Logistics LLC
EFT_00114,Global Energy Petroleum Corporation TRF
EFT_00115,EFT GLOBAL ENERGY PETROLEUM CORPORATION
EFT_00116,Services INV
EFT_00117,Acme Corporation TRF
EFT_00118,global energy petroleum corporation
EFT_00119,Nobody Inc ODEMESI
EFT_00120,eft delta export incorporated
EFT_00121,HAVALE Indiaforensic Services
EFT_00122,inv store
EFT_00123,Unknown Entity A.S
EFT_00124,SUNRISE LOGISTICS LLC INV
EFT_00125,HAVALE Hldings
EFT_00126,local store ltd
EFT_00127,Noboy Inc
EFT_00128,eft kuzey yildizi lojistik as llc
EFT_00129,Local Store LLC
EFT_00130,Random Copany
EFT_00131,PAYMENT SUNRISE LOGITICS LLC
EFT_00132,inv xyz holdings crp
EFT_00133,HAVALE ACME CORPORATION
EFT_00134,TRANSFR KUZEY YILDIZI LOJISTIK AS A.S.
EFT_00135,inv kuzey lojistik as
EFT_00136,SWIFT Delta Export Incorporated
EFT_00137,EFT ABC TRADING LIMITED LTD
EFT_00138,ACME CORPORATION
EFT_00139,Global Energy Petroleum Corporation
EFT_00140,TO XYZ HOLDINGS
EFT_00141,NORTH STAR TRADING LIMITED LLC
EFT_00142,SUNRISE LOGISTICS LLC LTD
EFT_00143,to sunrise logistics llc
EFT_00144,ABC TRADING LIMITED INV
EFT_00145,HAVALE ABC Trading Limited ODEMESI
EFT_00146,TRF Acme Corporatin
EFT_00147,global energy petroleum
EFT_00148,INV Kuzey Yildizi Lojistik LTD
EFT_00149,eft abc trading liited ltd
EFT_00150,EFT UNKNOWN ENTITY A.S.
EFT_00151,kuzey yildizi lojisik as inv
EFT_00152,trfglobal energy petroleum corporation ltd
EFT_00153,inv indiaforensic services a.s.
EFT_00154,sunrise logistics llc
EFT_00155,abc trading
EFT_00156,INV ABC Trading Limited ODEMESI
EFT_00157,GLOBAL ENERGY PETROLEUM CORPORATION LTD
EFT_00158,North Star Trading Limited
EFT_00159,SUNRISE LOGISTICS LLC
EFT_00160,EFT KUZEY YILDIZI LOJISTIK AS A.S.
EFT_00161,swift services
EFT_00162,eft sunrise lgistics llc
EFT_00163,NV Acme Corporation TRF
EFT_00164,Global Energy Petoleum Corporation A.S.
EFT_00165,Nort Star Trading Limited
EFT_00166,swift delta export incorporated corp
EFT_00167,SWIFT SUNRISE LOGISTICS LLC
EFT_00168,Global Energy Petroleum Corporation
EFT_00169,indiaforensic ervices corp
EFT_00170,TO Global Energy Petroleum Corporation
EFT_00171,Global Energy Petroleum Corporation
EFT_00172,TRANSFER Star Trading Limited INV
EFT_00173,SWIFT GLOBAL ENERGY PETROLEUM CORPORATION A.S.
EFT_00174,EFT SUNRISE LOGISTICS LLC ODEMSI
EFT_00175,PAYMENT Iniaforensic Services
EFT_00176,unknown enity
EFT_00177,Global Energy Petroleum Corporation
EFT_00178,Acme Corporation
EFT_00179,acme corporation inv
EFT_00180,TRANSFER North Star Trading Limited
EFT_00181,EFT Random Company A.S.
EFT_00182,Unknown Entity CORP
EFT_00183,kuzey yildizi lojistik as corp
EFT_00184,Store LLC
EFT_00185,indiaforensic services inv
EFT_00186,SWIFT Unknown Entity ODEMESI
EFT_00187,Unknown Entity A.S.
EFT_00188,acme corporation a.s.
EFT_00189,Kuzey Yildizi Lojistik AS
EFT_00190,SERVICES A.S.
EFT_00191,Random Company LLC
EFT_00192,Acme Corporation
EFT_00193,North Star Trading Limited INV
EFT_00194,Acme Corporation ODEMESI
EFT_00195,Indiaforensic Servics
EFT_00196,SWIFT GLOBAL ENERGY PETROLEUM CORPORATION A.S.
EFT_00197,STR TRADING LIMITED
EFT_00198,Indiaforensic Services
EFT_00199,INDIAFORENSIC SERVICES LTD
EFT_00200,Surise Logistics LLC
EFT_00201,North Star Trading Limted LLC
EFT_00202,Global Energy Petroleum Corporation
EFT_00203,Global Energy Petroleum Crporation ODEMESI
EFT_00204,TO Delta Export Incorporated
EFT_00205,Delta Export Incorporated
EFT_00206,HAVALE Acme Corporation
EFT_00207,DLTA EXPORT INCORPORATED LLC
EFT_00208,HAVALE Acme Corporatin TRF
EFT_00209,havale abc trading llc
EFT_00210,to xyz holdngs odemesi
EFT_00211,TRF RANDO COMPANY
EFT_00212,indiaforensic services
EFT_00213,Kuzey Yildizi Lojistik AS INV
EFT_00214,delta export incorporated trf
EFT_00215,TRANSFER INDIAFORENSIC SERVICES ODMESI
EFT_00216,HAVALE Unknown Entity
EFT_00217,nobody inc
EFT_00218,Delta Incorporated
EFT_00219,nobody in corp
EFT_00220,SWIFT Sunrise Logistics LLC INV
EFT_00221,elta Export Incorporated
EFT_00222,Local LTD
EFT_00223,PAYMENT GLOBAL ENERGY PETROLEUM CORPORATION LLC
EFT_00224,Indiaforensic Services LLC
EFT_00225,eft global energy petroleum corporation
EFT_00226,North Star Trading Limited A.S.
EFT_00227,transfer corporation
EFT_00228,GLOBAL ENERGY PETROLEUM CORPORATION TRF
EFT_00229,GLOBAL ENERGY PETROLEUM CORPORATION LTD
EFT_00230,Acme Corporation TRF
EFT_00231,xyz holdings cop
EFT_00232,north star trading limited a.s.
EFT_00233,HAVALEKuzey Yildizi Lojistik AS
EFT_00234,XYZ Holdings
EFT_00235,Global Energy Petroleum Corporation TRF
EFT_00236,swift nrth star trading limited inv
EFT_00237,PAYMENT ACME CORPORATIN
EFT_00238,SWIFT ABC Trading Limited TD
EFT_00239,ACME CORPORATION
EFT_00240,TRANSFER Acme Corporation CORP
EFT_00241,global energy petroleum corporation ltd
EFT_00242,Unknown Entity
EFT_00243,acmecorporation llc
EFT_00244,Yildiz Lojistik AS
EFT_00245,LOCAL STORE
EFT_00246,transfer kuzey yildizi lojistik as ltd
EFT_00247,HVALE Delta Export Incorporated
EFT_00248,PAYMENT Nobody Inc ODEMESI
EFT_00249,TRANSFER Acme Cororation
EFT_00250,HAVALE Unknown Entity TRF
EFT_00251,payment north star trading limited
EFT_00252,trf nobody inc inv
EFT_00253,Unknown Entity LLC
EFT_00254,Delta Export Incorporated CORP
EFT_00255,indiaforensic services
EFT_00256,HAVALE ABC Trading Limited LTD
EFT_00257,transfer acme corporatin
EFT_00258,TO XYZ HOLDINGS LTD
EFT_00259,Kuzey Yildizi Lojistik AS
EFT_00260,INV Sunrise Logistics LLC
EFT_00261,PAYMENT LOCAL SORE CORP
EFT_00262,ACME CORPORATION LTD
EFT_00263,kuzey yildizi lojistik as
EFT_00264,ACME CORPORTION
EFT_00265,EFT Corporation CORP
EFT_00266,Delta Export Incorprated
EFT_00267,Indiaforensic Services
EFT_00268,et nobody inc ltd
EFT_00269,Delta Export Incorporated CORP
EFT_00270,XYZ Holdins ODEMESI
EFT_00271,XYZ HOLDINGS
EFT_00272,Kuzey Yildizi Lojistik AS
EFT_00273,transfer north star trading limited
EFT_00274,Indiaforensic Services
EFT_00275,TO ABC Trading Limited
EFT_00276,Unknown Entity
EFT_00277,XYZ Holdings
EFT_00278,INV Global Energy Petroleum Corporation INV
EFT_00279,EFT ABC Trading Limited
EFT_00280,EFT ACME
EFT_00281,PAYMENT Unknown Entity
EFT_00282,TF NORTH STAR TRADING LIMITED A.S.
EFT_00283,Unknown Entity
EFT_00284,trading limited
EFT_00285,logistics llc corp
EFT_00286,HAVALE Delta Export Incorporated INV
EFT_00287,Global Energy Petroleum Corporation CORP
EFT_00288,TO NORTH STAR TRADING LIMITED CORP
EFT_00289,ACME CORPORATION
EFT_00290,Global Energy Petroleum
EFT_00291,North tar Limited A.S.
EFT_00292,NOBODY INC
EFT_00293,RANDOM COMPANY CORP
EFT_00294,TRANSFER Delta Export Incorporated LTD
EFT_00295,TO Delta Export Incorporated
EFT_00296,Indiaforensic LLC
EFT_00297,trf sunrise logistics llc
EFT_00298,random company
EFT_00299,TO Global Energy Petroleum orporation A.S.
EFT_00300,PAMENT KUZEY YILDIZI LOJISTIK AS
EFT_00301,abc limited
EFT_00302,Acme Corporation
EFT_00303,Acme Corporation ODEMESI
EFT_00304,SWIFT Global Energy Petroleum Corporaton LLC
EFT_00305,INV ACME CORPORATION CORP
EFT_00306,abc trading limited trf
EFT_00307,INV ABC Trading Limted
EFT_00308,ndiaforensic services odemesi
EFT_00309,random cmpany
EFT_00310,TO North Star Trading Limited
EFT_00311,NORTH STAR TRADING LIMITED LLC
EFT_00312,abc traing limited llc
EFT_00313,WIFT Indiaforensic Services
EFT_00314,TRF Sunrise Logistics LLC LLC
EFT_00315,PAYMENT Kuzey Yildizi Lojistik AS
EFT_00316,TRF Acme Corporation
EFT_00317,TO INDIAFORENSIC SERVICES TRF
EFT_00318,north star trading limited
EFT_00319,Indiaforensic Services INV
EFT_00320,Random Comany LTD
EFT_00321,delta exprt
EFT_00322,SWIFT LOCAL STORE CORP
EFT_00323,UNKNOWN ENTITY
EFT_00324,kuzey yildizi lojistik as corp
EFT_00325,transfer sunrise logistics llc odemesi
EFT_00326,Kuzey Yildizi Lojisti AS INV
EFT_00327,havale north star trading limited
EFT_00328,ACME CORPORATION ODEMESI
EFT_00329,eft north star trading limited trf
EFT_00330,Acme A.S.
EFT_00331,company a.s.
EFT_00332,HAVALE DELTA EXPORT INCORPORATED INV
EFT_00333,random company llc
EFT_00334,TRF North Str Trading Limited TRF
EFT_00335,LOCAL STORE TRF
EFT_00336,swift indiaforensic services
EFT_00337,NORTH STAR TRADING LIMITED
EFT_00338,payment acme corporation
EFT_00339,INV INDIAFORENSIC SERVICES ODEMESI
EFT_00340,north star trading limited ltd
EFT_00341,INV Global Energy Petroleum Corporation
EFT_00342,UNKNOWN ENTITY
EFT_00343,Random Company
EFT_00344,PAYMENT Random Company
EFT_00345,TRANSFER ACME CORPORATION CORP
EFT_00346,haale abc trading limited llc
EFT_00347,NOBODY NC
EFT_00348,Sunrise Logitics LLC
EFT_00349,ACME CORPORATION
EFT_00350,trf north star trading limited
EFT_00351,payment north star trading limited crp
EFT_00352,Acme Corporation LLC
EFT_00353,ace corporation odemesi
EFT_00354,PAYMENT Acme Corporation ODEMESI
EFT_00355,payment indiaforensic services inv
EFT_00356,XYZ HOLDIGS
EFT_00357,sunrise logistics llc
EFT_00358,Unknown ntity TRF
EFT_00359,idiaforensic services
EFT_00360,Indiaforensic Services
EFT_00361,swift kuzey yildizi lojistik as
EFT_00362,TRF Global Energy Petroleum Corporation
EFT_00363,Delta Export Incorporated INV
EFT_00364,KUZEY YILDIZI LOJISTIK AS
EFT_00365,Acme Corporation
EFT_00366,WIFT Kuzey Yildizi Lojistik AS LLC
EFT_00367,Indiaforensic Services LTD
EFT_00368,PAYMNT Global Energy Petroleum Corporation A.S.
EFT_00369,ABC LIMITED
EFT_00370,TO UNKNOWN ENTITY
EFT_00371,acme corporation
EFT_00372,TRANSFER Logistis LLC TRF
EFT_00373,TO ABC Trading Limitd
EFT_00374,payment local store trf
EFT_00375,kuzey yildizi lojistikas
EFT_00376,payment nobody inc a.s.
EFT_00377,STAR TRADING LIMITED ODEMESI
EFT_00378,Indiaforensic Services
EFT_00379,HAVALE Indiaforensic Services
EFT_00380,abc tradig limited
EFT_00381,HAVALE unrise Logistics LLC CORP
EFT_00382,LOCAL STORE ODEMESI
EFT_00383,to unknon entity
EFT_00384,ABC Trading Limied
EFT_00385,ABCTrading Limited LLC
EFT_00386,TRF ABC Trading Limite
EFT_00387,INV North Star Trading Limited
EFT_00388,Indiaforensic Services
EFT_00389,transfr north star trading limited
EFT_00390,Random Compny
EFT_00391,to indiaforensic services
EFT_00392,Sunrise Logistis LLC
EFT_00393,Inc ODEMESI
EFT_00394,Kuzey Yildizi Lojistik AS INV
EFT_00395,EFT obody Inc LLC
EFT_00396,transfer glbal energy petroleum corporation
EFT_00397,unknown llc
EFT_00398,TRF North Star Trading Limited
EFT_00399,TO North Star Trading LimitedLTD
EFT_00400,EFT Indiaforensic Services
EFT_00401,transfer acme corporation orp
EFT_00402,PAYMENT Local Store
EFT_00403,INV GLOBAL ENERGY CORPORATION A.S.
EFT_00404,unknown entity trf
EFT_00405,EFT Acme Corporation ODEMESI
EFT_00406,swift acme corporation trf
EFT_00407,Sunrise Logistics LLC COP
EFT_00408,Global Petroleum Corporation TRF
EFT_00409,TRF Delta Export Incorporated TRF
EFT_00410,north star trading limited odemesi
EFT_00411,Logistics LLC LTD
EFT_00412,inv logistics llc inv
EFT_00413,unknown ntity
EFT_00414,Acme Corporation ODEMESI
EFT_00415,eft random company
EFT_00416,INDAFORENSIC SERVICES ODEMESI
EFT_00417,global petroleum corporation
EFT_00418,havale abc trading limited llc
EFT_00419,inv xyz holdings
EFT_00420,SWIFT Indiaforensic ODEMEI
EFT_00421,indiaforensic services
EFT_00422,NV Corporation LTD
EFT_00423,north star trading limited ltd
EFT_00424,INDIAFORENSIC SERVICES
EFT_00425,eft sunrise logistics llc corp
EFT_00426,SWIFT Random Company
EFT_00427,NORTH TRADING LIMITED A.S.
EFT_00428,INV North Star Trading LimitedA.S.
EFT_00429,North Star Limited
EFT_00430,eft local store
EFT_00431,inv abc trading limited
EFT_00432,inv unknown a.s.
EFT_00433,TO ABC Trading Limited LTD
EFT_00434,SWIFT Acme Corporation
EFT_00435,nobody inc llc
EFT_00436,Delta Export Incorporatd
EFT_00437,GLOBAL ENERGY PETROLEUM CORPORATION
EFT_00438,TO SUNRISE LOGISTICS LLC
EFT_00439,SWIFT XYZ Holdings
EFT_00440,random company
EFT_00441,North Star Trading Limited TRF
EFT_00442,EFT INDIAFORENSIC SERVICES TRF
EFT_00443,Local Store TRF
EFT_00444,EFT SUNRISE LOGISTICS TRF
EFT_00445,TRF ENERGY PETROLEUM CORPORATION LTD
EFT_00446,trf kuzey yildizi lojistik as corp
EFT_00447,swift sunrise logistics llc a.s.
EFT_00448,Delta Export A.S.
EFT_00449,Kuzey Yildizi Lojistik AS CORP
EFT_00450,sunrise loistics llc odemesi
EFT_00451,to north star trading limited trf
EFT_00452,eft abc trading limited
EFT_00453,TO Acme Corporation A.S.
EFT_00454,EFT SUNRISE LOGISTICS LLC CORP
EFT_00455,havale nobody inc trf
EFT_00456,Indiaforensic Services
EFT_00457,ABC LIMITEDINV
EFT_00458,NORTH STAR TRADING LIMITED LC
EFT_00459,SURISE LOGISTICS LLC
EFT_00460,SWIFT CORP
EFT_00461,abc trading limited
EFT_00462,store inv
EFT_00463,Indiaforensic Services
EFT_00464,trf indiaforensic services corp
EFT_00465,TRF Unknown A.S.
EFT_00466,North Star Trading Limited CORP
EFT_00467,ET Local Store LTD
EFT_00468,abc trading limited
EFT_00469,nobody llc
EFT_00470,kuzey yildizi lojistik as ltd
EFT_00471,HAVALE Delta Incorporated
EFT_00472,TRF Comany
EFT_00473,payment sunrise logistics llc odemesi
EFT_00474,ABC TRADING LIMITED INV
EFT_00475,TO Delta Expot Incorporated
EFT_00476,INDIAFORENSIC SERVICES INV
EFT_00477,PAYMENT SUNRISE LOGISTICS LLC CORP
EFT_00478,INV North Star Trading Limited
EFT_00479,PAYMENT Global Energy Petroleum
EFT_00480,EFTXYZ Holdings A.S.
EFT_00481,SWIFT Delta Export Incorporated
EFT_00482,Holdings CORP
EFT_00483,sunrise logistics llc corp
EFT_00484,TO Kuzey Yildizi Lojistik AS
EFT_00485,payment global energy petroleum corporation
EFT_00486,inv kuzeyyildizi lojistik as llc
EFT_00487,TRF SUNRISE LOGISTICS LLC
EFT_00488,to north star trading limited ltd
EFT_00489,swift kuzey yildizi lojistik as
EFT_00490,inv energypetroleum corporation a.s.
EFT_00491,ABC TRADING LIMITED TRF
EFT_00492,Nobody Inc
EFT_00493,HAVALE Global Energy Petroleum Corporation CORP
EFT_00494,inv north star trading limited .s.
EFT_00495,NOBODY INC LTD
EFT_00496,ABC Trading
EFT_00497,Indiaforensic Services CORP
EFT_00498,Delta Export Incorporated
EFT_00499,PAYMENT Global Energy Petroleum Corporation
EFT_00500,unknon entity
EFT_00501,Kuzey Yildizi Lojistik LLC
EFT_00502,XYZ Holdings LTD
EFT_00503,HAVAE INDIAFORENSIC SERVICES ODEMESI
EFT_00504,INV Sunrise Logistics LLC TRF
EFT_00505,FT Kuzey Yildizi Lojistik AS
EFT_00506,TRF Indiaforensic Services
EFT_00507,INV Global Energy Petroleum Corporation
EFT_00508,trf abc trading limited
EFT_00509,EFT NORTH STAR TRADING LIMITED LLC
EFT_00510,TRANSFER LOCAL STORE ODEMESI
EFT_00511,global energy petroleum corporation
EFT_00512,global energy petroleum corporation ltd
EFT_00513,TO ABC Trading ODEMESI
EFT_00514,EFT DELTA EXPORT INCORPORATED
EFT_00515,EFT Kuzey Yildizi Lojistik AS CORP
EFT_00516,Delta Export Incorporated
EFT_00517,Local Store
EFT_00518,NORTH STAR TRADING LIMITED
EFT_00519,kuzey yildizi as
EFT_00520,eft corporation
EFT_00521,havale xyz holdings a.s.
EFT_00522,sunrise logistics llc corp
EFT_00523,SUNRISE LOGISTICS LLC LTD
EFT_00524,HAVALE North Star TradingLimited
EFT_00525,HAVALE Kuzey Yildizi Lojistik AS ODEMESI
EFT_00526,INV North Star Trading Limited A.S.
EFT_00527,ACME CORPORATION
EFT_00528,kuzey yildizi lojistik as
EFT_00529,transfer acme corpoation
EFT_00530,transfer inc
EFT_00531,INV Acme Corporation TRF
EFT_00532,trf delta export corp
EFT_00533,delta export incorporated
EFT_00534,transfer abc trading limited
EFT_00535,TRANSFER Random Company LTD
EFT_00536,HAVALE ABC TRADING LIMITED LTD
EFT_00537,HAVALE Kuzey Yildizi Lojisti AS A.S.
EFT_00538,HAVALE Random Company
EFT_00539,AB TRADING LIMITED LTD
EFT_00540,xyz holdings a.s.
EFT_00541,ABC Tradng Limited
EFT_00542,Indiaforensic Servics INV
EFT_00543,TO ABC Trading Limited INV
EFT_00544,Acme Corporation CORP
EFT_00545,PAYMENT RANDOM COMPANY ODEMESI
EFT_00546,kuzey yildizi lojistik as
EFT_00547,xyz holdings
EFT_00548,eft acme corporation corp
EFT_00549,global energy petroleum corporation corp
EFT_00550,TRANSFER SUNRISE LOGISTICS LLC
EFT_00551,UNKNOWN INV
EFT_00552,HAVALE XYZ HOLDINS
EFT_00553,payment sunrise logistics llc trf
EFT_00554,HAVLE INDIAFORENSIC SERVICES
EFT_00555,UNKNOWN ENTITY CORP
EFT_00556,Snrise Logistics LLC
EFT_00557,to nobody inc odemei
EFT_00558,random compay trf
EFT_00559,sunrise logistics llc
EFT_00560,sunrise logistics llc corp
EFT_00561,INV Global Energy Petroleum Corporation TRF
EFT_00562,ABC TRADIN LIMITED INV
EFT_00563,INV Delta Export Incorporated LLC
EFT_00564,TRF Unknown Entity
EFT_00565,Nobody Inc
EFT_00566,TRNSFER DELTA EXPORT INCORPORATED
EFT_00567,xyz holdings
EFT_00568,HAVALE Indiaforensic Services A.S.
EFT_00569,North Star Limited
EFT_00570,TO North Star Trading Limited
EFT_00571,North Star Trading Limted
EFT_00572,TRANSFER SunriseLogistics LLC TRF
EFT_00573,Logistics LLC
EFT_00574,NOBODY CORP
EFT_00575,inv sunrise logistics llc
EFT_00576,Delta Export Incorporated
EFT_00577,PAYMENT Kuzey Yildizi Lojistk AS LTD
EFT_00578,north star trading limited
EFT_00579,HAVALE Indiaforensic Services A.S.
EFT_00580,NORTH STAR TRADING LMITED
EFT_00581,GLOBAL ENERGY PETROLUM CORPORATION INV
EFT_00582,TRANSFER NKNOWN ENTITY CORP
EFT_00583,Acme Corportion
EFT_00584,TRF SUNRISE LOISTICS LLC ODEMESI
EFT_00585,Energy Petroleum Corporation
EFT_00586,HAVALE NORTH STAR TRADING LIMITED LLC
EFT_00587,payment global energy petroleum corporation inv
EFT_00588,HAVALE Delta Export Incorporated CORP
EFT_00589,acme corporatin
EFT_00590,North Star Tradig Limited CORP
EFT_00591,INV ACME CORPORATION LTD
EFT_00592,sunrise logistics llc
EFT_00593,GLOBAL ENERGY PETROLEUM CORPORATION
EFT_00594,services a.s.
EFT_00595,KuzeyYildizi Lojistik AS A.S.
EFT_00596,payment north star trading limited
EFT_00597,EFT INDIAFORENSIC SERVICES
EFT_00598,abc trading limited
EFT_00599,EFT Local Store TRF
EFT_00600,ABC TRADING LIMITED ODEMESI
EFT_00601,to services llc
EFT_00602,to sunrise logistics llc
EFT_00603,havale sunrise logistics llc
EFT_00604,PAYMENT Acme Corporation
EFT_00605,SWIFT Logistics LLC INV
EFT_00606,SWIFT XYZ Holdings
EFT_00607,Global Energy Petroleum Corporation
EFT_00608,acme corporation
EFT_00609,ABC Tading Limited CORP
EFT_00610,TRF ABC Trading Limited
EFT_00611,TO DELTA EXPORT INCORPORATED
EFT_00612,SWIFT ACME CORPORTION
EFT_00613,PAYMENT Nobody Inc
EFT_00614,EFT SUNRISE LOGISTICS LLC LTD
EFT_00615,Sunrise Logistics LLC LLC
EFT_00616,TRANSFER ABC LIMITED
EFT_00617,ABC TRADING LIMITED LTD
EFT_00618,payment nobody inc corp
EFT_00619,SUNRISE LOGISTICSLLC
EFT_00620,Sunrise Logistics LLC A.S.
EFT_00621,Local Store A.S.
EFT_00622,INV Nobody Inc CORP
EFT_00623,Indiaforensic ervices
EFT_00624,ABC TRADING LIMITED
EFT_00625,HAVALE Delta Exort Incorporated LLC
EFT_00626,INV ACME CORPORATION
EFT_00627,transfer local store
EFT_00628,INV ACME CORPORATION INV
EFT_00629,PAYENT SUNRISE LOGISTICS LLC
EFT_00630,TRANSFER Local Store TRF
EFT_00631,HAVALE Delta Export Incorporated A.S.
EFT_00632,TRF ACME CORPORATION
EFT_00633,HAVALE XYZ HOLDINGS LLC
EFT_00634,HAVALE Logistics LLC
EFT_00635,ABC TRADING
EFT_00636,Acme Corporation
EFT_00637,local store
EFT_00638,havale abc tradng limited
EFT_00639,Delta ExportIncorporated
EFT_00640,INV ABC Trading Limited CORP
EFT_00641,TRF Kuzey Yildizi Lojistik AS RF
EFT_00642,North Star Trading
EFT_00643,trf global energy petroleum corporation
EFT_00644,IN TRF
EFT_00645,SWIFT NOBODY INC
EFT_00646,eft uzey yildizi lojistik as
EFT_00647,TO Dela Export Incorporated LLC
EFT_00648,EFT UNKNOWN ENTITY
EFT_00649,indiaforensc services
EFT_00650,acme corporaion ltd
EFT_00651,delta export incorporated llc
EFT_00652,Acme Corporation CORP
EFT_00653,PAYMENT ABC TRADING LIMITED
EFT_00654,North Star Trading Limited ODEMEI
EFT_00655,PAYMENT Acme Corporation INV
EFT_00656,EFT KUZEY YILDIZI OJISTIK AS INV
EFT_00657,acme corporation
EFT_00658,HAVALE ABC TRADING LIMITED LLC
EFT_00659,EFT Global Energy Petroleum Corporation
EFT_00660,DELTA EXPORT INCORPORATED ODEMESI
EFT_00661,payment global energy petroleum corporation
EFT_00662,EFT Indiaforensic Services
EFT_00663,INV Kuzey Yildizi ojistik AS
EFT_00664,trf nobody ic a.s.
EFT_00665,PAYMENT RADOM COMPANY
EFT_00666,random company odemesi
EFT_00667,ACME CORPORATION
EFT_00668,indiaorensic services llc
EFT_00669,Sunrise Logitics LLC
EFT_00670,xyz holdings
EFT_00671,random company llc
EFT_00672,Delta Export Incorporated LTD
EFT_00673,TF Local Store TRF
EFT_00674,North Star Trading Limited
EFT_00675,logistics llc a.s.
EFT_00676,indiaforensic servies
EFT_00677,INV KUZEY YILDIZI LOJISTK AS TRF
EFT_00678,HAVALE GLOBAL ENERGY PETROLEUM CORPORATION LLC
EFT_00679,Sunrise Logistics LC
EFT_00680,Global Energy Petroleum Corporation
EFT_00681,TRANSFER Sunrise Logistics LLC
EFT_00682,INV NORTH STAR TRAING LIMITED
EFT_00683,havale sunrise logistics llc a.s.
EFT_00684,ABC Trading Limited
EFT_00685,TRF RandomCompany
EFT_00686,AVALE UNKNOWN ENTITY
EFT_00687,TRF DELTA EXPORT INCORPORATED
EFT_00688,sunrise lgistics llc a.s.
EFT_00689,DELTA EXPORT INCORPORATED ODEMESI
EFT_00690,INV BC TRADING CORP
EFT_00691,Indiaforensic Services A.S.
EFT_00692,HAVALE XYZ Holdings
EFT_00693,Local Store
EFT_00694,global energy petroleum corporation
EFT_00695,SWIFT North Star Trading Limited LLC
EFT_00696,GlobalEnergy Petroleum Corporation CORP
EFT_00697,xyz holdings a.s.
EFT_00698,PAYMENT Global Energy Peroleum Corporation LTD
EFT_00699,Kuzey Yildizi Lojistik AS
EFT_00700,Indiaforensic Services ODEMESI
EFT_00701,INV SUNRISE LOGISTICS LLC
EFT_00702,havale local stor inv
EFT_00703,orth star trading limited
EFT_00704,Sunrise Logistics LLC ODEESI
EFT_00705,INDIAFORENSIC SERVCES
EFT_00706,Global Energy Petroleum Corporation
EFT_00707,Rando Company TRF
EFT_00708,ABC Trading Limited
EFT_00709,abc trading limited corp
EFT_00710,swift north star trading limited inv
EFT_00711,ABC Trading Limited LLC
EFT_00712,NORTH STAR TRADING LIMITED
EFT_00713,sunrise logistics llc odemesi
EFT_00714,global energy petroleum corporation
EFT_00715,global energy petroleum corporation odemesi
EFT_00716,DELTAEXPORT INCORPORATED
EFT_00717,TO Unknown Entity
EFT_00718,ACME CORPORATION
EFT_00719,Acme Corporation LTD
EFT_00720,Unknown Entity TRF
EFT_00721,TRANSFER ABC Trading Limited TR
EFT_00722,Services TRF
EFT_00723,Delta Export Incorporated LLC
EFT_00724,payment local store
EFT_00725,ABC TRADING LIMITED A.S.
EFT_00726,global energy petroleum corporation odemesi
EFT_00727,SWIFT North Star Trading Limited
EFT_00728,HAVALE Local Store
EFT_00729,ANDOM COMPANY TRF
EFT_00730,indiaforensic service inv
EFT_00731,global energy petroleum corporation corp
EFT_00732,indiaforensic services llc
EFT_00733,TRF North Star Trading Limited LLC
EFT_00734,ABC Trading
EFT_00735,TRANSFER ABC Trading Limited ODEMESI
EFT_00736,SWIFT SERVICES LTD
EFT_00737,TO Delta Expor Incorporated CORP
EFT_00738,ABC Trading Limited CORP
EFT_00739,inv nobody inc llc
EFT_00740,eft global energy petroleum corporation a.s.
EFT_00741,PAYMENT NOBODY INC
EFT_00742,TO XYZ Holdings LLC
EFT_00743,ACME CORPORAION
EFT_00744,kuzey yildizi lojistik as
EFT_00745,swift sunrise logistics llc
EFT_00746,paymentabc trading limited
EFT_00747,trf sunrise logistics a.s.
EFT_00748,North Star Trading Limited
EFT_00749,Acme orporation INV
EFT_00750,ABC Trading Limited
EFT_00751,trf global enery petroleum corporation trf
EFT_00752,to xyz holdings ltd
EFT_00753,Global Energy Petroleum Corporation
EFT_00754,Ranom Company
EFT_00755,Iniaforensic Services
EFT_00756,TO Sunrise ogistics LLC
EFT_00757,TRANSFER UNKNOWN ENTITY
EFT_00758,local tore trf
EFT_00759,ABC Trading Limited LLC
EFT_00760,SWIFT Random Company INV
EFT_00761,trf north startrading limited llc
EFT_00762,Nobody Inc TRF
EFT_00763,eft local store
EFT_00764,kuzey yildizi lojistik as corp
EFT_00765,TO SUNRISE LOGISTICS LLC LTD
EFT_00766,sunrise logistics ll inv
EFT_00767,nobdy inc
EFT_00768,Delta Export Incorporated ODEMESI
EFT_00769,Kuzey ildizi Lojistik AS
EFT_00770,eft kuzey yildizi lojistik as
EFT_00771,TRANSFER Acme Corporation
EFT_00772,xyz holdings corp
EFT_00773,ACME CORPORATION INV
EFT_00774,EFT SNRISE LOGISTICS LLC
EFT_00775,TRANSFER Acme Corporation CORP
EFT_00776,SWIFT Store
EFT_00777,eft abc trading limited inv
EFT_00778,TRANSFER AME CORPORATION
EFT_00779,abc trading limied inv
EFT_00780,TRF Random Company TRF
EFT_00781,TO Global Energy Petroleum Corporation
EFT_00782,payment delta export incorporated inv
EFT_00783,EFT Star Trading Limited TRF
EFT_00784,dela export incorporated llc
EFT_00785,TRF Local Store LLC
EFT_00786,eft indiaforensic services
EFT_00787,abc tradig limited ltd
EFT_00788,TO Kuey Yildizi Lojistik AS
EFT_00789,TRF Indiaforensic
EFT_00790,Nobody Inc
EFT_00791,Delta Export Incorporated
EFT_00792,HAVALE Indiaforensic Services
EFT_00793,SWIFT DELTA EXPORT INCORPORATED
EFT_00794,North Star Trading Limied
EFT_00795,TO Acme Corporation
EFT_00796,trf global energy petroleum corporation
EFT_00797,EFT Delta Export Incorporated INV
EFT_00798,abc trading limited ltd
EFT_00799,Indiaforensic Services
EFT_00800,INV Sunrise Logistics LLC
EFT_00801,swift acme corporation corp
EFT_00802,delta export incorporated
EFT_00803,Indiaforensic Services
EFT_00804,HAVALE Acme Corpoation TRF
EFT_00805,TRF Nobody Inc
EFT_00806,Kuzey Yildizi Lojistik AS
EFT_00807,Delta Export Incorporated TRF
EFT_00808,trf indiaforensic services
EFT_00809,Indiaforensic Srvices
EFT_00810,eft delta export incorporated
EFT_00811,inv acme corporation
EFT_00812,payment abc trading limited corp
EFT_00813,to random company corp
EFT_00814,Delta xport Incorporated ODEMESI
EFT_00815,eft acme corporation
EFT_00816,kuzey lojistik as odemesi
EFT_00817,Indiaforensc Services
EFT_00818,inv local store
EFT_00819,Kuzey Yildizi Lojistik
EFT_00820,to acme corporation trf
EFT_00821,Unknown Entity
EFT_00822,SUNRISE LOGISTICS LLC LTD
EFT_00823,EF Yildizi Lojistik AS
EFT_00824,GLOBAL PETROLEUM CORPORATION LTD
EFT_00825,abc trading limited
EFT_00826,xyz holdings
EFT_00827,abc trading limitd
EFT_00828,eft unknown entityinv
EFT_00829,EFT Corporation LLC
EFT_00830,transfer indiaforensic services corp
EFT_00831,swift nobdy
EFT_00832,SWIFT Kuzey Yildizi Lojistik AS
EFT_00833,Kuzey Yildizi Lojistik S ODEMESI
EFT_00834,HAVALE North Star Trading imited
EFT_00835,INV ABC Trading Limited
EFT_00836,PAYMENT North Star Trading Limited
EFT_00837,Global Energy Petroleum Corporation ODEMESI
EFT_00838,Global Energy Petroleum Corporation A.S.
EFT_00839,inv global energy petroleum corporation
EFT_00840,nobody inc
EFT_00841,KUZEY YILDIZI LOJISTIK AS
EFT_00842,HAVALE ABC TRADING LIMITD CORP
EFT_00843,Acme Corporation
EFT_00844,TRANSFER ABC Trading Limited A.S.
EFT_00845,Kuzey Yildizi Lojistik AS CORP
EFT_00846,PAYMENT Local Store
EFT_00847,swift abc trading limited
EFT_00848,INV Kuzey Yildizi Lojistik AS LLC
EFT_00849,acme corporation
EFT_00850,unknown entity
EFT_00851,to abc trading limited
EFT_00852,INV Kuzey Yildizi Lojistik AS
EFT_00853,EFT Dlta Export Incorporated
EFT_00854,PAYMENT Indiaforensic Services
EFT_00855,TRF Local Store
EFT_00856,AYMENT Kuzey Yildizi Lojistik A.S.
EFT_00857,INV North Star Trading Limited
EFT_00858,transfer north trading limited
EFT_00859,EFT Nobod Inc
EFT_00860,SWIFT Nobody Inc LTD
EFT_00861,Global Energy Petroleum Corporation TRF
EFT_00862,bc trading limited
EFT_00863,INV Store
EFT_00864,EFT ACME CORPORATION TRF
EFT_00865,RANDOM CMPANY INV
EFT_00866,delta export incorporated llc
EFT_00867,Random Company A.S.
EFT_00868,to localstore
EFT_00869,STAR TRADING LIMITED
EFT_00870,to acme corporation
EFT_00871,swift delta export incorporated llc
EFT_00872,INV Nobody LTD
EFT_00873,Kuzey Yildizi Lojistik AS CORP
EFT_00874,North Star Trading Limited
EFT_00875,EFT Indiaforensic Services
EFT_00876,KUZEY YILDIZI LOJISTIK AS
EFT_00877,idiaforensic services
EFT_00878,eft xyz holdings
EFT_00879,PAYMENT ACME CORPORATION TRF
EFT_00880,DELTA EXPORT INCORPORATED
EFT_00881,TO Sunrise Logistics LLC
EFT_00882,transfer indiaforensic services inv
EFT_00883,sunrise logistics llc ltd
EFT_00884,HAVALE ENERGY PETROLEUM CORPORATION
EFT_00885,ABC TRADING LIMITED CORP
EFT_00886,INV North Star Trading Limited ODEMESI
EFT_00887,SWIFT ACME CORPORATION
EFT_00888,Acme Corporaion INV
EFT_00889,EFT Sunrise Logistics LLC CORP
EFT_00890,Nobody Inc
EFT_00891,Deta Export Incorporated CORP
EFT_00892,Sunrise Logistics LLC LTD
EFT_00893,Local Store INV
EFT_00894,GLOBAL ENERGY PETROLEUM CORPORATON
EFT_00895,ABC TRADING LIMITED
EFT_00896,CORPORATION A.S.
EFT_00897,north star trading limited
EFT_00898,TRANSFER Delta Export Incorporated
EFT_00899,ndiaforensic Services
EFT_00900,INV Local Store LLC
EFT_00901,TRF INDIAFORENSIC SEVICES ODEMESI
EFT_00902,delta incorporated
EFT_00903,INV cme Corporation
EFT_00904,eft indaforensic services llc
EFT_00905,HAVALE Global Energy Petroleum Corporation ODEMESI
EFT_00906,Tradin Limited ODEMESI
EFT_00907,Global Energy Petroleum Corporation
EFT_00908,LOCAL STORE TRF
EFT_00909,INV Sunris Logistics LLC
EFT_00910,delta export incorporated
EFT_00911,SUNRISE LOGISTICS LLC INV
EFT_00912,Kuzey Yildizi Lojistik AS LTD
EFT_00913,TRANSFER Global Energy Petroleum Corporation A.S.
EFT_00914,SWIFT XYZ Holdings CORP
EFT_00915,Delta Export Incrporated
EFT_00916,HAVALE Sunise Logistics LLC
EFT_00917,North Star Trading Limited
EFT_00918,Delta Exprt Incorporated A.S.
EFT_00919,xyz holdings
EFT_00920,TO KUEY YILDIZI LOJISTIK AS
EFT_00921,transfer sunrise logistics llc odemesi
EFT_00922,EFT ABC TRADING LIMITED
EFT_00923,local store corp
EFT_00924,swift north tar trading limited
EFT_00925,EFT Unknown Entit ODEMESI
EFT_00926,Indiaforensic Services INV
EFT_00927,payment sunrise logistics llc
EFT_00928,SWIFT Acme CorporationTRF
EFT_00929,indiaforensic services
EFT_00930,Global Energy Petroleum Corporaion
EFT_00931,North Star Trading Limited TRF
EFT_00932,transfer star trading limited
EFT_00933,North Star Trading Limited LTD
EFT_00934,abc trading limied a.s.
EFT_00935,PAYMENT Sunrise Logistics LLC ODEMESI
EFT_00936,KUZEY YILDIZI LOJISTIK AS TRF
EFT_00937,Kuzey Yildizi Lojistik AS
EFT_00938,TRF ABC Trading Limited LTD
EFT_00939,sunrise logistics llc odemesi
EFT_00940,Unknown Entity
EFT_00941,PAYMENT BC Trading Limited CORP
EFT_00942,XYZ HOLDINGS CORP
EFT_00943,Kuzey Yildizi Lojistik AS
EFT_00944,UNKNOWN ENITY
EFT_00945,acme corporation llc
EFT_00946,PAYMENT ABC Trading Limited
EFT_00947,TO Indiaforensic Services
EFT_00948,Kuzey Yildizi Lojistik AS
EFT_00949,Sunrise ogistics
EFT_00950,EFT EXPORT INCORPORATED A.S.
EFT_00951,abc trading limited odemesi
EFT_00952,trf glbal energy petroleum corporation
EFT_00953,Kuzey Yildizi Lojistik AS TRF
EFT_00954,inv acme trf
EFT_00955,payment delta export incorporated a.s.
EFT_00956,kuzey yildizi lojistik as
EFT_00957,EXPORT INCORPORATED LC
EFT_00958,Unknown Entity A.S.
EFT_00959,TRANSFER Sunrise ogistics LLC LTD
EFT_00960,XYZ Holdings
EFT_00961,Kuzey Yildizi Lojistik S INV
EFT_00962,sunrise logistics llc llc
EFT_00963,XYZ Hodings
EFT_00964,acme corporation
EFT_00965,nobody inc a.s.
EFT_00966,Sunrise Logistics LLC INV
EFT_00967,abc trading limitd
EFT_00968,NOTH STAR TRADING LIMITED A.S.
EFT_00969,INV Kuzey Yildizi Lojistik AS
EFT_00970,kuzey yildizi lojistik as corp
EFT_00971,eft local store
EFT_00972,PAYMENT Global Energy Petrolem Corporation
EFT_00973,swift corporation
EFT_00974,INV North Star Trading Limited
EFT_00975,NORTH STAR TRADING LIMITED A.S.
EFT_00976,North Star Trading Limited
EFT_00977,North Star Trading Limited
EFT_00978,Global Energy Petroleum Corporation LLC
EFT_00979,INV NorthStar Trading
EFT_00980,TRANSFER Acme Corporation LTD
EFT_00981,SWIFT Random Company
EFT_00982,NORTH STAR TRADING LIMITED CORP
EFT_00983,Randm Company INV
EFT_00984,abc limited
EFT_00985,Delta Export Inorporated
EFT_00986,EFT Sunrise Logistics LLC
EFT_00987,Acme Corporation ODEMESI
EFT_00988,HAVALE Acme Corporation
EFT_00989,ABC TRADINGLIMITED
EFT_00990,TRANSFER Global Energy Petroleum Corporation TRF
EFT_00991,HAVALE Acme orporation
EFT_00992,Kuey Yildizi Lojistik AS
EFT_00993,trasfer sunrise logistics llc inv
EFT_00994,sunrise logistics llc inv
EFT_00995,NORTH STAR TRADING LIMITED
EFT_00996,TO SUNRISE LLC A.S.
EFT_00997,to delta export incorporated a.s.
EFT_00998,inv indiaforensic services
EFT_00999,Unknown Entity
EFT_01000,swift abc trading limited odemesi
